{
  "T": 160,
  "F": 18,
  "S": 17,
  "series_bases": [
    "series_log_ret_1",
    "series_tr_range_pct",
    "series_vol_rel20",
    "series_atr14_pct",
    "series_dist_rma1_atr",
    "series_dist_rma2_atr",
    "series_rma1_slope_norm",
    "series_rma2_slope_norm",
    "series_dist_st_upper_atr",
    "series_dist_st_lower_atr",
    "series_st_bandwidth_atr",
    "series_rsi14_scaled",
    "series_macd_hist",
    "series_body_to_range",
    "series_dist_ema20_atr",
    "series_dist_ema50_atr",
    "series_ema20_slope_norm",
    "series_ema50_slope_norm"
  ],
  "snapshot_cols": [
    "order_offset_ticks",
    "minutes_from_open",
    "dow_mon",
    "dow_tue",
    "dow_wed",
    "dow_thu",
    "dow_fri",
    "vol_regime20",
    "ret_since_session_open_pct",
    "bars_since_last_st_flip",
    "st_flips_today",
    "htf15_dist_ema50_atr",
    "htf15_dist_ema200_atr",
    "htf15_rsi14_scaled",
    "htf60_dist_ema50_atr",
    "htf60_dist_ema200_atr",
    "htf60_rsi14_scaled"
  ],
  "mu_series": [
    -1.076137211349615e-06,
    0.000910029741984569,
    1.172446063489015,
    0.0009021572267706312,
    0.16532440255661976,
    0.28373648003074453,
    0.006491664560784641,
    0.008059597832978656,
    -1.7754695587063338,
    2.2245304412936666,
    4.0,
    0.5054250515709515,
    0.18031915249277125,
    0.45051838529191546,
    0.04147351018165535,
    0.14286820095055433,
    0.005209785077738559,
    0.006258410585911584
  ],
  "std_series": [
    0.0008109613742485371,
    0.0009668442713635325,
    15.45218151368645,
    0.0007236941286781006,
    2.127562017363518,
    5.552324650378829,
    0.14612298551191819,
    0.1311190533952654,
    3.670512452236124,
    3.6705124522361414,
    1.0,
    0.11633653007654579,
    12.060907226784167,
    0.2577250024340215,
    1.2841800104549137,
    2.131335613166579,
    0.12186562557851088,
    0.08460517957094307
  ],
  "mu_snapshot": [
    28.470315407119102,
    766348.7725306416,
    0.18745493871665464,
    0.21737563085796682,
    0.20187454938716654,
    0.19646719538572457,
    0.1943042537851478,
    0.0006313107643637416,
    -0.00013833592264782398,
    89.1366258111031,
    1.3795962509012256,
    0.06882550974909132,
    0.7960576967944165,
    0.5001267069798215,
    0.29422787445992504,
    1.6271437069180001,
    0.5089421002051502
  ],
  "std_snapshot": [
    199.81357136725956,
    28502675.522295777,
    0.3902762927304031,
    0.4124602598639835,
    0.4013990728650078,
    0.3973258568517628,
    0.39566413881744417,
    0.000551239466694487,
    0.006320782861733122,
    76.88378578892798,
    1.3627135271589539,
    1.4061025144966348,
    5.282127549654609,
    0.07860409918648999,
    2.347181568389973,
    5.589850905293757,
    0.11470838198167514
  ]
}